﻿STT,question,benchmark_answer,current_answer,current_cosine_sim,current_retrieved_chunks,current_retrieval_accuracy,langchain_answer,langchain_cosine_sim,langchain_retrieved_chunks,langchain_retrieval_accuracy,haystack_answer,haystack_cosine_sim,haystack_retrieved_chunks,haystack_retrieval_accuracy,chatgpt_answer,chatgpt_cosine_sim,benchmark_chunks
1,"Em muốn hỏi là ai chi trả tiền trợ cấp cho người có công ở các xã, phường vậy?","Theo Điều 8 Quyết định số 49/2012/QĐ-UBND, Ủy ban nhân dân phường-xã, thị trấn có trách nhiệm trực tiếp quản lý đối tượng, tiền mặt và các khoản chi trợ cấp ưu đãi người có công với cách mạng trên địa bàn, đảm bảo an toàn, không để xảy ra thất thoát, mất mát. Thực hiện chi trả các khoản trợ cấp, phụ cấp ưu đãi đảm bảo đúng đối tượng, đúng chế độ, kịp thời gian và được hưởng mức tiền thù lao chi trả hàng tháng theo quy định.","Việc chi trả tiền trợ cấp cho người có công ở các xã, phường được thực hiện bởi Ủy ban nhân dân (UBND) phường, xã, thị trấn.

**Cụ thể:**

1.  **UBND phường, xã, thị trấn:**
    *   Căn cứ vào hợp đồng trách nhiệm đã ký với Phòng Lao động - Thương binh và Xã hội quận, huyện, UBND ban hành quyết định giao nhiệm vụ chi trả trợ cấp cho cán bộ địa phương (Điều 8.1, Quyết định 49/2012/QĐ-UBND).
    *   UBND trực tiếp quản lý đối tượng, tiền mặt và các khoản chi trợ cấp, đảm bảo chi đúng đối tượng, đúng chế độ, kịp thời và được hưởng thù lao chi trả hàng tháng (Điều 8.2, Quyết định 49/2012/QĐ-UBND).
2.  **Cán bộ Lao động - Thương binh và Xã hội:**
    *   Mở sổ theo dõi và quản lý từng loại đối tượng (Điều 8.3a, Quyết định 49/2012/QĐ-UBND).
    *   Kiểm tra, lập danh sách các đối tượng đã chết, hết tuổi hưởng trợ cấp, chuyển đi nơi khác và các trường hợp hưởng sai chế độ (nếu có), gửi Phòng Lao động - Thương binh và Xã hội quận, huyện trước ngày 18 hàng tháng (Điều 8.3b, Quyết định 49/2012/QĐ-UBND).
    *   Trực tiếp chi trả các trợ cấp ưu đãi người có công (Điều 8.3b, Quyết định 49/2012/QĐ-UBND).
    *   Mở sổ theo dõi thu, chi các khoản trợ cấp theo quy định, lập chứng từ, danh sách chi trả và thanh quyết toán kinh phí với Phòng Lao động - Thương binh và Xã hội quận, huyện (Điều 8.3c, Quyết định 49/2012/QĐ-UBND).
3.  **Trách nhiệm của UBND phường, xã, thị trấn khi nhận kinh phí:**
    *   Tiến hành chi trả trợ cấp kịp thời cho đối tượng chính sách (Điều 8.4, Quyết định 49/2012/QĐ-UBND).
    *   Kiểm tra danh sách chi trả trước khi chi trả, nếu có sai sót phải báo cáo Phòng Lao động - Thương binh và Xã hội quận, huyện (Điều 8.4, Quyết định 49/2012/QĐ-UBND).
    *   Bố trí địa điểm chi trả thuận lợi, thông báo công khai thời gian và địa điểm chi trả (Điều 8.4, Quyết định 49/2012/QĐ-UBND).
    *   Yêu cầu người nhận kiểm tra tiền, ký và ghi rõ họ tên vào danh sách chi trả (Điều 8.4, Quyết định 49/2012/QĐ-UBND).
    *   Thanh toán kinh phí chi trả với Phòng Lao động - Thương binh và Xã hội quận, huyện chậm nhất là ngày 18 hàng tháng (Điều 8.4, Quyết định 49/2012/QĐ-UBND).

**Lưu ý:**

*   Nếu đối tượng không thể trực tiếp đến nhận trợ cấp, cần có giấy ủy quyền hợp lệ (có xác nhận của UBND phường, xã, thị trấn) cho thân nhân, với thời hạn ủy quyền không quá một năm (Điều 8.6, Quyết định 49/2012/QĐ-UBND).
",0.9069,49_2012_QĐ_UBND_regulation_ch2_art8 | 49_2012_QĐ_UBND_preamble | 101_2018_TT_BTC_ch2_art4 | 47_2009_TTLT_BTC_BLĐTBXH_preamble | 101_2018_TT_BTC_preamble,1.0000,ERROR: All LangChain invoke methods failed,0.7362,,0.0000,"Việc chi trả tiền trợ cấp cho người có công ở xã, phường được thực hiện thông qua các hình thức và cơ quan sau:

1.  **Ủy ban nhân dân (UBND) phường, xã, thị trấn:**

    *   UBND cấp xã có trách nhiệm chi trả trực tiếp các khoản trợ cấp, phụ cấp ưu đãi cho người có công trên địa bàn, đảm bảo đúng đối tượng, đúng chế độ và kịp thời (Điều 8, Quyết định 49/2012/QĐ-UBND).
    *   UBND cấp xã giao nhiệm vụ cho cán bộ thực hiện chi trả và quản lý tiền mặt, các khoản chi trợ cấp ưu đãi, đảm bảo an toàn, không để xảy ra thất thoát (Điều 8, Quyết định 49/2012/QĐ-UBND).

2.  **Phòng Lao động - Thương binh và Xã hội (LĐTBXH) quận, huyện:**

    *   Phòng LĐTBXH có trách nhiệm quản lý kinh phí thực hiện chính sách người có công trên địa bàn và mở tài khoản tại Kho bạc Nhà nước để theo dõi nguồn kinh phí (Điều 7, Quyết định 49/2012/QĐ-UBND).
    *   Hàng tháng, Phòng LĐTBXH rút dự toán và chuyển kinh phí cho UBND phường, xã, thị trấn để chi trả các khoản trợ cấp ưu đãi (Điều 7, Quyết định 49/2012/QĐ-UBND).

3.  **Sở Lao động - Thương binh và Xã hội:**

    *   Sở LĐTBXH thẩm tra dự toán kinh phí hàng năm của các Phòng LĐTBXH quận, huyện, tổng hợp thành dự toán kinh phí của Thành phố và báo cáo Bộ LĐTBXH (Điều 4, Quyết định 49/2012/QĐ-UBND).
    *   Sở LĐTBXH giao dự toán cho các Phòng LĐTBXH quận, huyện và Kho bạc Nhà nước để làm căn cứ kiểm soát chi (Điều 4, Quyết định 49/2012/QĐ-UBND).

4.  **Tổ chức dịch vụ chi trả:**

    *   Trong trường hợp chi trả thông qua tổ chức dịch vụ chi trả, cơ quan LĐTBXH (Sở hoặc Phòng LĐTBXH) ký hợp đồng với tổ chức này, trong đó quy định rõ phạm vi đối tượng, phương thức, thời hạn chi trả, chi phí và trách nhiệm của các bên (Điều 15, Thông tư 101/2018/TT-BTC).
    *   Cơ quan LĐTBXH chuyển kinh phí vào tài khoản của tổ chức dịch vụ chi trả và giám sát việc chi trả (Điều 15, Thông tư 101/2018/TT-BTC).

**Nguồn kinh phí:**

*   Ngân sách trung ương đảm bảo kinh phí cho các hoạt động nghiệp vụ quản lý đối tượng, hồ sơ, tài chính, kế toán và tổ chức chi trả (Điều 14, Thông tư 101/2018/TT-BTC).
*   Bộ LĐTBXH phân bổ kinh phí quản lý phù hợp với đặc thù của từng địa phương (Điều 14, Thông tư 101/2018/TT-BTC).

",0.8971,49_2012_QĐ_UBND_49_2012_QĐ_UBND_regulation_ch2_art8 | 49_2012_QĐ_UBND_49_2012_QĐ_UBND_regulation_ch2_art6_7 | 101_2018_TT_BTC_101_2018_TT_BTC_ch2_art15 | 49_2012_QĐ_UBND_49_2012_QĐ_UBND_regulation_ch2_art4_5 | 101_2018_TT_BTC_101_2018_TT_BTC_ch2_art14,1.0000,"Tiền trợ cấp cho người có công ở các xã, phường được **Ủy ban nhân dân phường - xã, thị trấn** chi trả. Cụ thể, theo **Điều 8** của **Quyết định 49/2012/QĐ-UBND**, Ủy ban nhân dân các cấp có nhiệm vụ thực hiện các công việc sau:

1. **Ký hợp đồng trách nhiệm** với Phòng Lao động - Thương binh và Xã hội quận - huyện để chi trả trợ cấp ưu đãi cho người có công.
2. **Quản lý và chi trả** các khoản trợ cấp, phụ cấp ưu đãi cho người có công, đảm bảo đúng đối tượng và kịp thời.
3. **Kiểm tra danh sách** đối tượng hưởng trợ cấp và thực hiện các thủ tục cần thiết để đảm bảo không có sai sót trong việc chi trả.
4. **Bố trí nơi chi trả** thuận lợi và thông báo công khai về thời gian, địa điểm chi trả để người dân biết.

Ngoài ra, Ủy ban nhân dân phường - xã cũng có trách nhiệm thanh toán kinh phí chi trợ cấp với Phòng Lao động - Thương binh và Xã hội quận - huyện theo quy định.

Tóm lại, **Ủy ban nhân dân phường - xã** là cơ quan trực tiếp chi trả tiền trợ cấp cho người có công tại địa phương.",0.9250,49_2012_QĐ_UBND_regulation_ch2_art8
