{
  "doc_id": "31_2011_QD_UBND",
  "doc_type": "Quyết định",
  "doc_title": "QUYẾT ĐỊNH VỀ VIỆC BAN HÀNH QUY ĐỊNH TRÌNH TỰ, THỦ TỤC GIẢI QUYẾT CHẾ ĐỘ MIỄN, GIẢM TIỀN SỬ DỤNG ĐẤT ĐỐI VỚI NGƯỜI CÓ CÔNG VỚI CÁCH MẠNG TRÊN ĐỊA BÀN TỈNH GIA LAI",
  "issue_date": "10-11-2011",
  "effective_date": "20-11-2011",
  "expiry_date": null,
  "status": "active",
  "document_scope": "Tỉnh Gia Lai",
  "replaces": [],
  "replaced_by": null,
  "amends": [],
  "amended_by": null,
  "retroactive": false,
  "retroactive_date": null,
  "chunks": [
    {
      "chunk_id": "31_2011_QD_UBND_preamble",
      "chunk_type": "preamble",
      "file_path": "/data/31_2011_QD_UBND/31_2011_QD_UBND_preamble.md",
      "content_summary": "Phần mở đầu của Quyết định, bao gồm tiêu đề chính thức, thông tin ban hành (số hiệu, ngày tháng, cơ quan ban hành) và các căn cứ pháp lý được sử dụng để ban hành văn bản."
    },
    {
      "chunk_id": "31_2011_QD_UBND_art1_3",
      "chunk_type": "article",
      "file_path": "/data/31_2011_QD_UBND/31_2011_QD_UBND_art1_3.md",
      "content_summary": "Các điều khoản chính của Quyết định, bao gồm việc ban hành Quy định kèm theo, quy định về hiệu lực thi hành và xác định trách nhiệm của các cơ quan, cá nhân liên quan trong việc triển khai Quyết định."
    },
    {
      "chunk_id": "31_2011_QD_UBND_quy_dinh_chuong1_art1_2",
      "chunk_type": "article",
      "file_path": "/data/31_2011_QD_UBND/31_2011_QD_UBND_quy_dinh_chuong1_art1_2.md",
      "content_summary": "Chương I của Quy định, nêu rõ nguyên tắc chung áp dụng chế độ miễn, giảm tiền sử dụng đất cho người có công với cách mạng và các nguyên tắc, điều kiện cụ thể để được hưởng chế độ này, bao gồm cả các trường hợp tạm thời chưa được xem xét."
    },
    {
      "chunk_id": "31_2011_QD_UBND_quy_dinh_chuong2_art3_5",
      "chunk_type": "article",
      "file_path": "/data/31_2011_QD_UBND/31_2011_QD_UBND_quy_dinh_chuong2_art3_5.md",
      "content_summary": "Chương II của Quy định, quy định chi tiết về phạm vi đối tượng được hưởng chế độ miễn, giảm tiền sử dụng đất và phân loại các mức miễn, giảm cụ thể (từ miễn hoàn toàn đến giảm 90%, 80%, 70%, 65%) dựa trên công lao và tỷ lệ suy giảm khả năng lao động của người có công với cách mạng."
    },
    {
      "chunk_id": "31_2011_QD_UBND_quy_dinh_chuong3_art6_7",
      "chunk_type": "article",
      "file_path": "/data/31_2011_QD_UBND/31_2011_QD_UBND_quy_dinh_chuong3_art6_7.md",
      "content_summary": "Chương III của Quy định, chi tiết hóa trình tự, thủ tục giải quyết hồ sơ miễn, giảm tiền sử dụng đất, bao gồm trách nhiệm của người sử dụng đất trong việc chuẩn bị hồ sơ và vai trò, trách nhiệm, thời hạn giải quyết của các cơ quan nhà nước ở cấp xã, huyện, Sở Lao động Thương binh và Xã hội, Cơ quan Thuế và UBND tỉnh."
    },
    {
      "chunk_id": "31_2011_QD_UBND_quy_dinh_chuong4_art8_9",
      "chunk_type": "article",
      "file_path": "/data/31_2011_QD_UBND/31_2011_QD_UBND_quy_dinh_chuong4_art8_9.md",
      "content_summary": "Chương IV của Quy định, quy định về trách nhiệm tổ chức thực hiện của Chủ tịch UBND các Huyện, Thị xã, Thành phố và Thủ trưởng các Sở, Ban, Ngành liên quan, đồng thời nêu rõ cơ chế giải quyết các vướng mắc phát sinh trong quá trình thi hành Quy định."
    }
  ],
  "related_documents": [
    {
      "doc_id": "89_2008_ND_CP",
      "relationship": "references",
      "description": "Nghị định số 89/2008/NĐ-CP ngày 13/8/2008 của Chính phủ hướng dẫn thi hành Pháp lệnh sửa đổi, bổ sung một số Điều của Pháp lệnh ưu đãi người có công với cách mạng, được sử dụng làm căn cứ ban hành Quyết định này."
    },
    {
      "doc_id": "198_2004_ND_CP",
      "relationship": "references",
      "description": "Nghị định số 198/2004/NĐ-CP ngày 03/12/2004 của Chính phủ về thu tiền sử dụng đất, được sử dụng làm căn cứ ban hành Quyết định này."
    },
    {
      "doc_id": "44_2008_ND_CP",
      "relationship": "references",
      "description": "Nghị định số 44/2008/NĐ-CP ngày 09/4/2008 của Chính phủ về sửa đổi, bổ sung một số Điều của Nghị định số 198/2004/NĐ-CP, được sử dụng làm căn cứ ban hành Quyết định này."
    },
    {
      "doc_id": "118_1996_QD_TTg",
      "relationship": "references",
      "description": "Quyết định số 118/TTg ngày 27/02/1996 của Thủ tướng Chính phủ về việc hỗ trợ người có công với cách mạng cải thiện nhà ở, được sử dụng làm căn cứ ban hành Quyết định này."
    },
    {
      "doc_id": "117_2007_QD_TTg",
      "relationship": "references",
      "description": "Quyết định số 117/2007/QĐ-TTg ngày 25/7/2007 của Thủ tướng Chính phủ về việc sửa đổi, bổ sung một số Điều của Quyết định số 118/TTg ngày 27/02/1996, được sử dụng làm căn cứ ban hành Quyết định này."
    },
    {
      "doc_id": "20_2000_QD_TTg",
      "relationship": "references",
      "description": "Quyết định số 20/2000/QĐ-TTg ngày 03/02/2000 của Thủ tướng Chính phủ về việc hỗ trợ người hoạt động cách mạng từ trước cách mạng tháng Tám năm 1945 cải thiện nhà ở, được sử dụng làm căn cứ ban hành Quyết định này."
    },
    {
      "doc_id": "117_2004_TT_BTC",
      "relationship": "references",
      "description": "Thông tư số 117/2004/TT-BTC ngày 07/12/2004 của Bộ Tài chính, được sử dụng làm căn cứ ban hành Quyết định này."
    },
    {
      "doc_id": "44_2008_ND_CP",
      "relationship": "amends",
      "description": "Nghị định số 44/2008/NĐ-CP sửa đổi, bổ sung một số Điều của Nghị định số 198/2004/NĐ-CP."
    },
    {
      "doc_id": "117_2007_QD_TTg",
      "relationship": "amends",
      "description": "Quyết định số 117/2007/QĐ-TTg sửa đổi, bổ sung một số Điều của Quyết định số 118/TTg ngày 27/02/1996."
    },
    {
      "doc_id": "89_2008_ND_CP",
      "relationship": "implements",
      "description": "Quyết định 31/2011/QĐ-UBND của UBND tỉnh Gia Lai hướng dẫn cụ thể việc thực hiện chính sách miễn, giảm tiền sử dụng đất đối với người có công với cách mạng trên địa bàn tỉnh, dựa trên Nghị định này."
    },
    {
      "doc_id": "198_2004_ND_CP",
      "relationship": "implements",
      "description": "Quyết định 31/2011/QĐ-UBND của UBND tỉnh Gia Lai hướng dẫn cụ thể việc thực hiện chính sách miễn, giảm tiền sử dụng đất đối với người có công với cách mạng trên địa bàn tỉnh, dựa trên Nghị định này."
    },
    {
      "doc_id": "44_2008_ND_CP",
      "relationship": "implements",
      "description": "Quyết định 31/2011/QĐ-UBND của UBND tỉnh Gia Lai hướng dẫn cụ thể việc thực hiện chính sách miễn, giảm tiền sử dụng đất đối với người có công với cách mạng trên địa bàn tỉnh, dựa trên Nghị định này."
    },
    {
      "doc_id": "118_1996_QD_TTg",
      "relationship": "implements",
      "description": "Quyết định 31/2011/QĐ-UBND của UBND tỉnh Gia Lai hướng dẫn cụ thể việc thực hiện chính sách miễn, giảm tiền sử dụng đất đối với người có công với cách mạng trên địa bàn tỉnh, dựa trên Quyết định này."
    },
    {
      "doc_id": "117_2007_QD_TTg",
      "relationship": "implements",
      "description": "Quyết định 31/2011/QĐ-UBND của UBND tỉnh Gia Lai hướng dẫn cụ thể việc thực hiện chính sách miễn, giảm tiền sử dụng đất đối với người có công với cách mạng trên địa bàn tỉnh, dựa trên Quyết định này."
    },
    {
      "doc_id": "20_2000_QD_TTg",
      "relationship": "implements",
      "description": "Quyết định 31/2011/QĐ-UBND của UBND tỉnh Gia Lai hướng dẫn cụ thể việc thực hiện chính sách miễn, giảm tiền sử dụng đất đối với người có công với cách mạng trên địa bàn tỉnh, dựa trên Quyết định này."
    },
    {
      "doc_id": "117_2004_TT_BTC",
      "relationship": "implements",
      "description": "Quyết định 31/2011/QĐ-UBND của UBND tỉnh Gia Lai hướng dẫn cụ thể việc thực hiện chính sách miễn, giảm tiền sử dụng đất đối với người có công với cách mạng trên địa bàn tỉnh, dựa trên Thông tư này."
    }
  ]
}