{
  "doc_id": "4804_2024_VBHN_BLĐTBXH",
  "doc_type": "Nghị định",
  "doc_title": "Văn bản hợp nhất số 4804/VBHN-BLĐTBXH - Nghị định quy định mức trợ cấp, phụ cấp và các chế độ ưu đãi người có công với cách mạng",
  "issue_date": "04-10-2024",
  "effective_date": "01-07-2024",
  "expiry_date": null,
  "status": "active",
  "document_scope": "Quốc gia",
  "replaces": [],
  "replaced_by": null,
  "amends": null,
  "amended_by": null,
  "retroactive": false,
  "retroactive_date": null,
  "chunks": [
    {
      "chunk_id": "4804_2024_VBHN_BLĐTBXH_preamble",
      "chunk_type": "preamble",
      "file_path": "/data/4804_2024_VBHN_BLĐTBXH/4804_2024_VBHN_BLĐTBXH_preamble.md",
      "content_summary": "Phần mở đầu của Văn bản hợp nhất, bao gồm tiêu đề, thông tin về các Nghị định gốc và Nghị định sửa đổi, bổ sung (75/2021/NĐ-CP, 55/2023/NĐ-CP, 77/2024/NĐ-CP), cùng các căn cứ pháp lý để ban hành."
    },
    {
      "chunk_id": "4804_2024_VBHN_BLĐTBXH_art1_2",
      "chunk_type": "article",
      "file_path": "/data/4804_2024_VBHN_BLĐTBXH/4804_2024_VBHN_BLĐTBXH_art1_2.md",
      "content_summary": "Chương I quy định chung về phạm vi điều chỉnh và đối tượng áp dụng của Nghị định về chế độ ưu đãi người có công với cách mạng."
    },
    {
      "chunk_id": "4804_2024_VBHN_BLĐTBXH_art3_4",
      "chunk_type": "article",
      "file_path": "/data/4804_2024_VBHN_BLĐTBXH/4804_2024_VBHN_BLĐTBXH_art3_4.md",
      "content_summary": "Chương II quy định về mức chuẩn trợ cấp ưu đãi và các mức hưởng trợ cấp, phụ cấp ưu đãi hằng tháng, một lần đối với người có công với cách mạng và thân nhân."
    },
    {
      "chunk_id": "4804_2024_VBHN_BLĐTBXH_art5_11",
      "chunk_type": "article",
      "file_path": "/data/4804_2024_VBHN_BLĐTBXH/4804_2024_VBHN_BLĐTBXH_art5_11.md",
      "content_summary": "Các chế độ ưu đãi cụ thể cho người có công với cách mạng, bao gồm bảo hiểm y tế, điều dưỡng, hỗ trợ phương tiện trợ giúp, ưu đãi giáo dục, hỗ trợ thăm viếng mộ liệt sĩ, di chuyển hài cốt và công tác mộ, công trình ghi công liệt sĩ."
    },
    {
      "chunk_id": "4804_2024_VBHN_BLĐTBXH_art12",
      "chunk_type": "article",
      "file_path": "/data/4804_2024_VBHN_BLĐTBXH/4804_2024_VBHN_BLĐTBXH_art12.md",
      "content_summary": "Điều 12 quy định về quy trình và mức chi cho công tác xác định danh tính hài cốt liệt sĩ, bao gồm lấy mẫu, bảo quản, giám định ADN, thực chứng, hoàn thiện mộ và quản lý cơ sở dữ liệu."
    },
    {
      "chunk_id": "4804_2024_VBHN_BLĐTBXH_art13",
      "chunk_type": "article",
      "file_path": "/data/4804_2024_VBHN_BLĐTBXH/4804_2024_VBHN_BLĐTBXH_art13.md",
      "content_summary": "Điều 13 quy định các chế độ ưu đãi khác như trợ cấp mai táng, thờ cúng liệt sĩ, tiền ăn thêm ngày lễ, hỗ trợ nuôi dưỡng tại cơ sở, hỗ trợ phục vụ công tác nuôi dưỡng/điều dưỡng, hỗ trợ về thăm gia đình, đón tiếp thân nhân, và hỗ trợ cơ sở vật chất, quà tặng."
    },
    {
      "chunk_id": "4804_2024_VBHN_BLĐTBXH_art14_16",
      "chunk_type": "article",
      "file_path": "/data/4804_2024_VBHN_BLĐTBXH/4804_2024_VBHN_BLĐTBXH_art14_16.md",
      "content_summary": "Chương IV quy định về trách nhiệm tổ chức thực hiện của các Bộ, địa phương, bố trí kinh phí quản lý, cùng với các điều khoản về hiệu lực thi hành và trách nhiệm của các cơ quan liên quan."
    },
    {
      "chunk_id": "4804_2024_VBHN_BLĐTBXH_appendix1",
      "chunk_type": "appendix",
      "file_path": "/data/4804_2024_VBHN_BLĐTBXH/4804_2024_VBHN_BLĐTBXH_appendix1.md",
      "content_summary": "Phụ lục I quy định mức hưởng trợ cấp, phụ cấp ưu đãi hằng tháng đối với các nhóm người có công với cách mạng và thân nhân."
    },
    {
      "chunk_id": "4804_2024_VBHN_BLĐTBXH_appendix2",
      "chunk_type": "appendix",
      "file_path": "/data/4804_2024_VBHN_BLĐTBXH/4804_2024_VBHN_BLĐTBXH_appendix2.md",
      "content_summary": "Phụ lục II quy định mức hưởng trợ cấp ưu đãi hằng tháng chi tiết theo tỷ lệ tổn thương cơ thể đối với thương binh và người hưởng chính sách như thương binh."
    },
    {
      "chunk_id": "4804_2024_VBHN_BLĐTBXH_appendix3",
      "chunk_type": "appendix",
      "file_path": "/data/4804_2024_VBHN_BLĐTBXH/4804_2024_VBHN_BLĐTBXH_appendix3.md",
      "content_summary": "Phụ lục III quy định mức hưởng trợ cấp ưu đãi hằng tháng chi tiết theo tỷ lệ tổn thương cơ thể đối với thương binh loại B."
    },
    {
      "chunk_id": "4804_2024_VBHN_BLĐTBXH_appendix4",
      "chunk_type": "appendix",
      "file_path": "/data/4804_2024_VBHN_BLĐTBXH/4804_2024_VBHN_BLĐTBXH_appendix4.md",
      "content_summary": "Phụ lục IV quy định mức hưởng trợ cấp ưu đãi một lần đối với người có công với cách mạng và thân nhân, bao gồm các đối tượng như người hoạt động cách mạng, liệt sĩ, Bà mẹ Việt Nam anh hùng và Anh hùng."
    },
    {
      "chunk_id": "4804_2024_VBHN_BLĐTBXH_appendix5",
      "chunk_type": "appendix",
      "file_path": "/data/4804_2024_VBHN_BLĐTBXH/4804_2024_VBHN_BLĐTBXH_appendix5.md",
      "content_summary": "Phụ lục V quy định mức hỗ trợ mua phương tiện trợ giúp, dụng cụ chỉnh hình, phương tiện, thiết bị phục hồi chức năng cần thiết, vật phẩm phụ và vật dụng khác."
    },
    {
      "chunk_id": "4804_2024_VBHN_BLĐTBXH_appendix6",
      "chunk_type": "appendix",
      "file_path": "/data/4804_2024_VBHN_BLĐTBXH/4804_2024_VBHN_BLĐTBXH_appendix6.md",
      "content_summary": "Phụ lục VI quy định mức hưởng trợ cấp ưu đãi một lần đối với người bị thương có tỷ lệ tổn thương cơ thể từ 5% đến 20%."
    }
  ],
  "related_documents": [
    {
      "doc_id": "55_2023_NĐ_CP",
      "relationship": "amends",
      "description": "Nghị định số 55/2023/NĐ-CP ngày 21 tháng 7 năm 2023 của Chính phủ sửa đổi, bổ sung một số điều của Nghị định số 75/2021/NĐ-CP, được hợp nhất vào văn bản này."
    },
    {
      "doc_id": "77_2024_NĐ_CP",
      "relationship": "amends",
      "description": "Nghị định số 77/2024/NĐ-CP ngày 01 tháng 7 năm 2024 của Chính phủ sửa đổi, bổ sung một số điều của Nghị định số 75/2021/NĐ-CP (đã được sửa đổi bởi Nghị định 55/2023/NĐ-CP), được hợp nhất vào văn bản này."
    },
    {
      "doc_id": "Luật_Tổ_chức_Chính_phủ_2015",
      "relationship": "references",
      "description": "Luật Tổ chức Chính phủ ngày 19 tháng 6 năm 2015, là căn cứ pháp lý để ban hành Nghị định."
    },
    {
      "doc_id": "Luật_SĐBS_Luật_Tổ_chức_Chính_phủ_và_Luật_Tổ_chức_chính_quyền_địa_phương_2019",
      "relationship": "references",
      "description": "Luật sửa đổi, bổ sung một số điều của Luật Tổ chức Chính phủ và Luật Tổ chức chính quyền địa phương ngày 22 tháng 11 năm 2019, là căn cứ pháp lý để ban hành Nghị định."
    },
    {
      "doc_id": "Pháp_lệnh_Ưu_đãi_người_có_công_với_cách_mạng_2020",
      "relationship": "references",
      "description": "Pháp lệnh Ưu đãi người có công với cách mạng ngày 09 tháng 12 năm 2020, là căn cứ pháp lý và cơ sở điều chỉnh của Nghị định."
    },
    {
      "doc_id": "142_2024_NQ_QH15",
      "relationship": "references",
      "description": "Nghị quyết số 142/2024/QH15 ngày 29 tháng 6 năm 2024 của Quốc hội về Kỳ họp thứ 7, Quốc hội khóa XV, là căn cứ pháp lý để ban hành Nghị định."
    },
    {
      "doc_id": "58_2019_NĐ_CP",
      "relationship": "replaces",
      "description": "Nghị định số 58/2019/NĐ-CP ngày 01 tháng 7 năm 2019 của Chính phủ hết hiệu lực thi hành kể từ ngày Nghị định số 75/2021/NĐ-CP có hiệu lực thi hành."
    },
    {
      "doc_id": "31_2013_NĐ_CP",
      "relationship": "replaces",
      "description": "Nghị định số 31/2013/NĐ-CP ngày 09 tháng 4 năm 2013 của Chính phủ tiếp tục được thực hiện đến ngày 31 tháng 12 năm 2021 và sau đó bị thay thế bởi Nghị định số 75/2021/NĐ-CP."
    },
    {
      "doc_id": "131_2021_NĐ_CP",
      "relationship": "references",
      "description": "Nghị định số 131/2021/NĐ-CP ngày 30 tháng 12 năm 2021 của Chính phủ quy định chi tiết và biện pháp thi hành Pháp lệnh Ưu đãi người có công với cách mạng, được tham chiếu trong các điều khoản chuyển tiếp."
    },
    {
      "doc_id": "Bộ_luật_Lao_động",
      "relationship": "references",
      "description": "Bộ luật Lao động, được tham chiếu về quy định độ tuổi tại khoản 2 Điều 169."
    }
  ]
}