{
  "doc_id": "834_2024_VBHN_BLDTBXH",
  "doc_type": "Văn bản hợp nhất",
  "doc_title": "Văn bản hợp nhất số 834/VBHN-BLĐTBXH - Nghị định quy định mức hưởng trợ cấp, phụ cấp và các chế độ ưu đãi người có công với cách mạng",
  "issue_date": "05-03-2024",
  "effective_date": "05-09-2023",
  "expiry_date": null,
  "status": "active",
  "document_scope": "Quốc gia",
  "replaces": [],
  "replaced_by": null,
  "amends": null,
  "amended_by": null,
  "retroactive": true,
  "retroactive_date": "01-07-2023",
  "chunks": [
    {
      "chunk_id": "834_2024_VBHN_BLDTBXH_preamble",
      "chunk_type": "preamble",
      "file_path": "/data/834_2024_VBHN_BLDTBXH/834_2024_VBHN_BLDTBXH_preamble.md",
      "content_summary": "Phần mở đầu của Văn bản hợp nhất, bao gồm tiêu đề, thông tin ban hành, giới thiệu các Nghị định gốc và Nghị định sửa đổi được hợp nhất, cùng với các căn cứ pháp lý để ban hành."
    },
    {
      "chunk_id": "834_2024_VBHN_BLDTBXH_art1_2",
      "chunk_type": "article",
      "file_path": "/data/834_2024_VBHN_BLDTBXH/834_2024_VBHN_BLDTBXH_art1_2.md",
      "content_summary": "Chương I quy định chung về phạm vi điều chỉnh và đối tượng áp dụng của Nghị định, làm rõ những đối tượng được hưởng chế độ ưu đãi và nguồn ngân sách thực hiện."
    },
    {
      "chunk_id": "834_2024_VBHN_BLDTBXH_art3_4",
      "chunk_type": "article",
      "file_path": "/data/834_2024_VBHN_BLDTBXH/834_2024_VBHN_BLDTBXH_art3_4.md",
      "content_summary": "Chương II quy định chi tiết về mức chuẩn trợ cấp ưu đãi người có công với cách mạng và thân nhân, cùng với các mức hưởng trợ cấp, phụ cấp ưu đãi hằng tháng và một lần dựa trên các phụ lục kèm theo."
    },
    {
      "chunk_id": "834_2024_VBHN_BLDTBXH_art5_8",
      "chunk_type": "article",
      "file_path": "/data/834_2024_VBHN_BLDTBXH/834_2024_VBHN_BLDTBXH_art5_8.md",
      "content_summary": "Chương III quy định các chế độ ưu đãi về bảo hiểm y tế, điều dưỡng phục hồi sức khỏe, hỗ trợ phương tiện trợ giúp và ưu đãi giáo dục đối với người có công với cách mạng và thân nhân."
    },
    {
      "chunk_id": "834_2024_VBHN_BLDTBXH_art9_11",
      "chunk_type": "article",
      "file_path": "/data/834_2024_VBHN_BLDTBXH/834_2024_VBHN_BLDTBXH_art9_11.md",
      "content_summary": "Chương III tiếp tục quy định các chế độ ưu đãi về hỗ trợ thăm viếng mộ liệt sĩ, di chuyển hài cốt liệt sĩ và công tác mộ liệt sĩ, công trình ghi công liệt sĩ."
    },
    {
      "chunk_id": "834_2024_VBHN_BLDTBXH_art12",
      "chunk_type": "article",
      "file_path": "/data/834_2024_VBHN_BLDTBXH/834_2024_VBHN_BLDTBXH_art12.md",
      "content_summary": "Điều 12 quy định chi tiết về công tác xác định danh tính hài cốt liệt sĩ, bao gồm quy trình lấy mẫu, bảo quản, giám định ADN, xác định bằng phương pháp thực chứng, hoàn thiện mộ sau giám định và các nhiệm vụ hỗ trợ khác."
    },
    {
      "chunk_id": "834_2024_VBHN_BLDTBXH_art13",
      "chunk_type": "article",
      "file_path": "/data/834_2024_VBHN_BLDTBXH/834_2024_VBHN_BLDTBXH_art13.md",
      "content_summary": "Điều 13 quy định các chế độ ưu đãi khác dành cho người có công, bao gồm trợ cấp mai táng, trợ cấp thờ cúng liệt sĩ, chi tiền ăn thêm ngày lễ, tết, hỗ trợ điều trị, nuôi dưỡng, phục vụ công tác tại cơ sở nuôi dưỡng và hỗ trợ cơ sở vật chất."
    },
    {
      "chunk_id": "834_2024_VBHN_BLDTBXH_art14_16",
      "chunk_type": "article",
      "file_path": "/data/834_2024_VBHN_BLDTBXH/834_2024_VBHN_BLDTBXH_art14_16.md",
      "content_summary": "Chương IV quy định về tổ chức thực hiện, hiệu lực thi hành của Nghị định và trách nhiệm của các cơ quan, cá nhân liên quan trong việc triển khai và thi hành các chế độ ưu đãi người có công."
    },
    {
      "chunk_id": "834_2024_VBHN_BLDTBXH_appendix1",
      "chunk_type": "appendix",
      "file_path": "/data/834_2024_VBHN_BLDTBXH/834_2024_VBHN_BLDTBXH_appendix1.md",
      "content_summary": "Phụ lục I quy định mức hưởng trợ cấp, phụ cấp ưu đãi hằng tháng đối với người có công với cách mạng và thân nhân của họ, chi tiết theo từng đối tượng cụ thể."
    },
    {
      "chunk_id": "834_2024_VBHN_BLDTBXH_appendix2",
      "chunk_type": "appendix",
      "file_path": "/data/834_2024_VBHN_BLDTBXH/834_2024_VBHN_BLDTBXH_appendix2.md",
      "content_summary": "Phụ lục II quy định mức hưởng trợ cấp ưu đãi hằng tháng đối với thương binh và người hưởng chính sách như thương binh, chi tiết theo tỷ lệ tổn thương cơ thể."
    },
    {
      "chunk_id": "834_2024_VBHN_BLDTBXH_appendix3",
      "chunk_type": "appendix",
      "file_path": "/data/834_2024_VBHN_BLDTBXH/834_2024_VBHN_BLDTBXH_appendix3.md",
      "content_summary": "Phụ lục III quy định mức hưởng trợ cấp ưu đãi hằng tháng đối với thương binh loại B, chi tiết theo tỷ lệ tổn thương cơ thể."
    },
    {
      "chunk_id": "834_2024_VBHN_BLDTBXH_appendix4",
      "chunk_type": "appendix",
      "file_path": "/data/834_2024_VBHN_BLDTBXH/834_2024_VBHN_BLDTBXH_appendix4.md",
      "content_summary": "Phụ lục IV quy định mức hưởng trợ cấp ưu đãi một lần đối với người có công với cách mạng và thân nhân, chi tiết theo từng đối tượng."
    },
    {
      "chunk_id": "834_2024_VBHN_BLDTBXH_appendix5",
      "chunk_type": "appendix",
      "file_path": "/data/834_2024_VBHN_BLDTBXH/834_2024_VBHN_BLDTBXH_appendix5.md",
      "content_summary": "Phụ lục V quy định mức hỗ trợ mua phương tiện trợ giúp, dụng cụ chỉnh hình, phương tiện, thiết bị phục hồi chức năng cần thiết, vật phẩm phụ và vật dụng khác, kèm theo niên hạn cấp và mức hỗ trợ."
    },
    {
      "chunk_id": "834_2024_VBHN_BLDTBXH_appendix6",
      "chunk_type": "appendix",
      "file_path": "/data/834_2024_VBHN_BLDTBXH/834_2024_VBHN_BLDTBXH_appendix6.md",
      "content_summary": "Phụ lục VI quy định mức hưởng trợ cấp ưu đãi một lần đối với người bị thương có tỷ lệ tổn thương cơ thể từ 5% đến 20%, chi tiết theo từng mức tỷ lệ."
    }
  ],
  "related_documents": [
    {
      "doc_id": "75_2021_ND_CP",
      "relationship": "references",
      "description": "Nghị định gốc được hợp nhất, quy định mức hưởng trợ cấp, phụ cấp và các chế độ ưu đãi người có công với cách mạng."
    },
    {
      "doc_id": "55_2023_ND_CP",
      "relationship": "references",
      "description": "Nghị định sửa đổi, bổ sung một số điều của Nghị định số 75/2021/NĐ-CP, có hiệu lực từ 05/09/2023."
    },
    {
      "doc_id": "Luat_To_Chuc_Chinh_Phu_2015",
      "relationship": "references",
      "description": "Luật Tổ chức Chính phủ ngày 19 tháng 6 năm 2015, là căn cứ pháp lý."
    },
    {
      "doc_id": "Luat_Sua_Doi_Luat_To_Chuc_Chinh_Quyen_Dia_Phuong_2019",
      "relationship": "references",
      "description": "Luật sửa đổi, bổ sung một số điều của Luật Tổ chức Chính phủ và Luật Tổ chức chính quyền địa phương ngày 22 tháng 11 năm 2019, là căn cứ pháp lý."
    },
    {
      "doc_id": "02_2020_PL_UBTVQH14",
      "relationship": "references",
      "description": "Pháp lệnh Ưu đãi người có công với cách mạng ngày 09 tháng 12 năm 2020, là căn cứ pháp lý."
    },
    {
      "doc_id": "02_2020_PL_UBTVQH14",
      "relationship": "implements",
      "description": "Pháp lệnh Ưu đãi người có công với cách mạng được Nghị định này quy định chi tiết về mức hưởng và chế độ ưu đãi."
    },
    {
      "doc_id": "58_2019_ND_CP",
      "relationship": "replaces",
      "description": "Nghị định số 58/2019/NĐ-CP bị thay thế và hết hiệu lực thi hành kể từ ngày Nghị định 75/2021/NĐ-CP (gốc của văn bản hợp nhất này) có hiệu lực."
    },
    {
      "doc_id": "31_2013_ND_CP",
      "relationship": "replaces",
      "description": "Nghị định số 31/2013/NĐ-CP bị thay thế và hết hiệu lực thi hành kể từ ngày Nghị định 75/2021/NĐ-CP (gốc của văn bản hợp nhất này) có hiệu lực."
    },
    {
      "doc_id": "131_2021_ND_CP",
      "relationship": "references",
      "description": "Nghị định số 131/2021/NĐ-CP ngày 30 tháng 12 năm 2021 của Chính phủ quy định chi tiết và biện pháp thi hành Pháp lệnh Ưu đãi người có công với cách mạng, được tham chiếu trong điều khoản thi hành."
    }
  ]
}