{
  "doc_id": "836_2024_VBHN_BLDTBXH",
  "doc_type": "Thông tư",
  "doc_title": "Văn bản hợp nhất số 836/VBHN-BLĐTBXH - Thông tư hướng dẫn thực hiện Quyết định 170/2008/QĐ-TTg ngày 18/12/2008 của Thủ tướng Chính phủ về chế độ BHYT và trợ cấp mai táng đối với thanh niên xung phong thời kỳ kháng chiến chống Pháp",
  "issue_date": "05-03-2024",
  "effective_date": "12-10-2023",
  "expiry_date": null,
  "status": "active",
  "document_scope": "Quốc gia",
  "replaces": [],
  "replaced_by": null,
  "amends": "24_2009_TT_BLĐTBXH",
  "amended_by": "08_2023_TT_BLĐTBXH",
  "retroactive": false,
  "retroactive_date": null,
  "chunks": [
    {
      "chunk_id": "836_2024_VBHN_BLDTBXH_preamble",
      "chunk_type": "preamble",
      "file_path": "/data/836_2024_VBHN_BLDTBXH/836_2024_VBHN_BLDTBXH_preamble.md",
      "content_summary": "Phần mở đầu của văn bản hợp nhất, giới thiệu thông tin về văn bản gốc Thông tư 24/2009/TT-BLĐTBXH và văn bản sửa đổi Thông tư 08/2023/TT-BLĐTBXH, cùng các căn cứ pháp lý để ban hành Thông tư."
    },
    {
      "chunk_id": "836_2024_VBHN_BLDTBXH_art1",
      "chunk_type": "article",
      "file_path": "/data/836_2024_VBHN_BLDTBXH/836_2024_VBHN_BLDTBXH_art1.md",
      "content_summary": "Điều 1 quy định về các đối tượng được và không được áp dụng chính sách bảo hiểm y tế và trợ cấp mai táng dành cho thanh niên xung phong thời kỳ kháng chiến chống Pháp."
    },
    {
      "chunk_id": "836_2024_VBHN_BLDTBXH_art2",
      "chunk_type": "article",
      "file_path": "/data/836_2024_VBHN_BLDTBXH/836_2024_VBHN_BLDTBXH_art2.md",
      "content_summary": "Điều 2 quy định chi tiết về các chế độ được hưởng, bao gồm chế độ bảo hiểm y tế và chế độ trợ cấp mai táng cho thanh niên xung phong."
    },
    {
      "chunk_id": "836_2024_VBHN_BLDTBXH_art3",
      "chunk_type": "article",
      "file_path": "/data/836_2024_VBHN_BLDTBXH/836_2024_VBHN_BLDTBXH_art3.md",
      "content_summary": "Điều 3 quy định về thành phần hồ sơ và trách nhiệm của các cấp (cấp xã, Phòng LĐTBXH, Sở LĐTBXH) trong việc lập hồ sơ đề nghị hưởng chế độ bảo hiểm y tế cho thanh niên xung phong."
    },
    {
      "chunk_id": "836_2024_VBHN_BLDTBXH_art4",
      "chunk_type": "article",
      "file_path": "/data/836_2024_VBHN_BLDTBXH/836_2024_VBHN_BLDTBXH_art4.md",
      "content_summary": "Điều 4 quy định về thành phần hồ sơ và trách nhiệm của các cấp (cấp xã, Phòng LĐTBXH, Sở LĐTBXH) trong việc giải quyết chế độ mai táng phí cho thanh niên xung phong đã chết."
    },
    {
      "chunk_id": "836_2024_VBHN_BLDTBXH_art5",
      "chunk_type": "article",
      "file_path": "/data/836_2024_VBHN_BLDTBXH/836_2024_VBHN_BLDTBXH_art5.md",
      "content_summary": "Điều 5 quy định về trách nhiệm tổ chức thực hiện của Sở Lao động - Thương binh và Xã hội, đồng thời nêu rõ hiệu lực thi hành của Thông tư gốc (24/2009) và Thông tư sửa đổi (08/2023), cùng các quy định chuyển tiếp liên quan đến hồ sơ thủ tục hành chính."
    },
    {
      "chunk_id": "836_2024_VBHN_BLDTBXH_form_baimo",
      "chunk_type": "form",
      "file_path": "/data/836_2024_VBHN_BLDTBXH/836_2024_VBHN_BLDTBXH_form_baimo.md",
      "content_summary": "Thông tin về các mẫu số 01, 02, 03, 04-A, 04-B, 05 đã bị bãi bỏ theo quy định tại khoản 2 Điều 2 của Thông tư số 08/2023/TT-BLĐTBXH."
    },
    {
      "chunk_id": "836_2024_VBHN_BLDTBXH_form20",
      "chunk_type": "form",
      "file_path": "/data/836_2024_VBHN_BLDTBXH/836_2024_VBHN_BLDTBXH_form20.md",
      "content_summary": "Mẫu số 20 là bản khai cá nhân dùng để đề nghị xem xét, giải quyết chế độ bảo hiểm y tế cho thanh niên xung phong thời kỳ kháng chiến chống Pháp."
    },
    {
      "chunk_id": "836_2024_VBHN_BLDTBXH_form21",
      "chunk_type": "form",
      "file_path": "/data/836_2024_VBHN_BLDTBXH/836_2024_VBHN_BLDTBXH_form21.md",
      "content_summary": "Mẫu số 21 là giấy chứng nhận thanh niên xung phong hoàn thành nhiệm vụ trong kháng chiến chống Pháp, do Tỉnh/Thành đoàn cấp."
    },
    {
      "chunk_id": "836_2024_VBHN_BLDTBXH_form22",
      "chunk_type": "form",
      "file_path": "/data/836_2024_VBHN_BLDTBXH/836_2024_VBHN_BLDTBXH_form22.md",
      "content_summary": "Mẫu số 22 là biên bản xác nhận và đề nghị giải quyết chế độ bảo hiểm y tế đối với thanh niên xung phong, được lập bởi Ủy ban nhân dân cấp xã và các bên liên quan."
    },
    {
      "chunk_id": "836_2024_VBHN_BLDTBXH_form23",
      "chunk_type": "form",
      "file_path": "/data/836_2024_VBHN_BLDTBXH/836_2024_VBHN_BLDTBXH_form23.md",
      "content_summary": "Mẫu số 23 là bản khai của người hoặc tổ chức lo mai táng đối với thanh niên xung phong đã chết (áp dụng cho trường hợp đang hưởng bảo hiểm y tế theo Quyết định số 170/2008/QĐ-TTg)."
    },
    {
      "chunk_id": "836_2024_VBHN_BLDTBXH_form24",
      "chunk_type": "form",
      "file_path": "/data/836_2024_VBHN_BLDTBXH/836_2024_VBHN_BLDTBXH_form24.md",
      "content_summary": "Mẫu số 24 là bản khai của người hoặc tổ chức lo mai táng đối với thanh niên xung phong đã chết (áp dụng cho trường hợp chết từ ngày Quyết định số 170/2008/QĐ-TTg có hiệu lực hoặc không hưởng bảo hiểm y tế theo quyết định đó)."
    },
    {
      "chunk_id": "836_2024_VBHN_BLDTBXH_form25",
      "chunk_type": "form",
      "file_path": "/data/836_2024_VBHN_BLDTBXH/836_2024_VBHN_BLDTBXH_form25.md",
      "content_summary": "Mẫu số 25 là quyết định về việc giải quyết trợ cấp mai táng, do Giám đốc Sở Lao động - Thương binh và Xã hội ban hành."
    }
  ],
  "related_documents": [
    {
      "doc_id": "170_2008_QĐ_TTg",
      "relationship": "implements",
      "description": "Quyết định số 170/2008/QĐ-TTg ngày 18 tháng 12 năm 2008 của Thủ tướng Chính phủ về chế độ bảo hiểm y tế và trợ cấp mai táng đối với thanh niên xung phong thời kỳ kháng chiến chống Pháp, được văn bản này hướng dẫn thực hiện."
    },
    {
      "doc_id": "24_2009_TT_BLĐTBXH",
      "relationship": "amended_by",
      "description": "Thông tư số 24/2009/TT-BLĐTBXH ngày 10 tháng 07 năm 2009 của Bộ trưởng Bộ Lao động - Thương binh và Xã hội, là văn bản gốc đã được sửa đổi, bổ sung bởi Thông tư 08/2023/TT-BLĐTBXH và được hợp nhất trong văn bản này."
    },
    {
      "doc_id": "08_2023_TT_BLĐTBXH",
      "relationship": "amends",
      "description": "Thông tư số 08/2023/TT-BLĐTBXH ngày 29 tháng 8 năm 2023 của Bộ trưởng Bộ Lao động - Thương binh và Xã hội, sửa đổi, bổ sung, bãi bỏ một số điều của Thông tư 24/2009/TT-BLĐTBXH và các thông tư khác."
    },
    {
      "doc_id": "290_2005_QĐ_TTg",
      "relationship": "references",
      "description": "Quyết định số 290/2005/QĐ-TTg ngày 08 tháng 11 năm 2005 của Thủ tướng Chính phủ về chế độ BHYT đối với thanh niên xung phong chống Mỹ cứu nước, được tham chiếu trong quy định về chế độ BHYT."
    },
    {
      "doc_id": "Luật_Bảo_hiểm_xã_hội",
      "relationship": "references",
      "description": "Luật Bảo hiểm xã hội, được tham chiếu trong quy định về trợ cấp mai táng."
    },
    {
      "doc_id": "Luật_Cư_trú_2020",
      "relationship": "references",
      "description": "Luật Cư trú ngày 13 tháng 11 năm 2020, là một trong các căn cứ ban hành Thông tư số 08/2023/TT-BLĐTBXH."
    },
    {
      "doc_id": "Luật_Ban_hành_văn_bản_QPPL_2015",
      "relationship": "references",
      "description": "Luật Ban hành văn bản quy phạm pháp luật ngày 22 tháng 6 năm 2015, là một trong các căn cứ ban hành Thông tư số 08/2023/TT-BLĐTBXH."
    },
    {
      "doc_id": "Luật_Ban_hành_văn_bản_QPPL_2020_SĐBS",
      "relationship": "references",
      "description": "Luật sửa đổi, bổ sung một số điều của Luật Ban hành văn bản quy phạm pháp luật ngày 18 tháng 6 năm 2020, là một trong các căn cứ ban hành Thông tư số 08/2023/TT-BLĐTBXH."
    },
    {
      "doc_id": "62_2022_NĐ_CP",
      "relationship": "references",
      "description": "Nghị định số 62/2022/NĐ-CP ngày 12 tháng 9 năm 2022 của Chính phủ, là một trong các căn cứ ban hành Thông tư số 08/2023/TT-BLĐTBXH."
    },
    {
      "doc_id": "104_2022_NĐ_CP",
      "relationship": "references",
      "description": "Nghị định số 104/2022/NĐ-CP ngày 21 tháng 12 năm 2022 của Chính phủ, là một trong các căn cứ ban hành Thông tư số 08/2023/TT-BLĐTBXH."
    }
  ]
}