{
  "doc_id": "2638_2019_CV_LĐTBXH_KHTC",
  "doc_type": "Công văn",
  "doc_title": "Công văn số 2638/LĐTBXH-KHTC V/v xây dựng dự toán ngân sách trung ương thực hiện Pháp lệnh ưu đãi NCC với cách mạng năm 2020 và kế hoạch tài chính – NSNN 03 năm 2020-2022",
  "issue_date": "03-07-2019",
  "effective_date": "03-07-2019",
  "expiry_date": null,
  "status": "active",
  "document_scope": "Quốc gia",
  "replaces": [],
  "replaced_by": null,
  "amends": null,
  "amended_by": null,
  "retroactive": false,
  "retroactive_date": null,
  "chunks": [
    {
      "chunk_id": "2638_2019_CV_LĐTBXH_KHTC_preamble",
      "chunk_type": "preamble",
      "file_path": "/data/2638_2019_CV_LĐTBXH_KHTC/2638_2019_CV_LĐTBXH_KHTC_preamble.md",
      "content_summary": "Phần mở đầu của Công văn số 2638/LĐTBXH-KHTC hướng dẫn các Sở Lao động - Thương binh và Xã hội xây dựng dự toán ngân sách trung ương thực hiện Pháp lệnh ưu đãi Người có công với cách mạng năm 2020 và kế hoạch tài chính - ngân sách nhà nước 03 năm giai đoạn 2020-2022, dựa trên các chỉ thị và thông tư của Thủ tướng Chính phủ và Bộ Tài chính."
    },
    {
      "chunk_id": "2638_2019_CV_LĐTBXH_KHTC_partI",
      "chunk_type": "article",
      "file_path": "/data/2638_2019_CV_LĐTBXH_KHTC/2638_2019_CV_LĐTBXH_KHTC_partI.md",
      "content_summary": "Phần I của công văn hướng dẫn đánh giá tình hình thực hiện nhiệm vụ ngân sách nhà nước năm 2019 và giai đoạn 2016-2019 liên quan đến Pháp lệnh ưu đãi người có công, bao gồm tình hình biến động đối tượng, thực hiện dự toán, các công văn hướng dẫn và kết luận thanh tra, kiểm toán."
    },
    {
      "chunk_id": "2638_2019_CV_LĐTBXH_KHTC_partII_sec1_2",
      "chunk_type": "article",
      "file_path": "/data/2638_2019_CV_LĐTBXH_KHTC/2638_2019_CV_LĐTBXH_KHTC_partII_sec1_2.md",
      "content_summary": "Phần II, mục 1 và 2 của công văn hướng dẫn xây dựng dự toán ngân sách năm 2020 cho kinh phí chi trả trợ cấp thường xuyên và các khoản trợ cấp một lần theo chế độ ưu đãi người có công, dựa trên các nghị định và quyết định của Chính phủ và Thủ tướng Chính phủ."
    },
    {
      "chunk_id": "2638_2019_CV_LĐTBXH_KHTC_partII_sec3",
      "chunk_type": "article",
      "file_path": "/data/2638_2019_CV_LĐTBXH_KHTC/2638_2019_CV_LĐTBXH_KHTC_partII_sec3.md",
      "content_summary": "Phần II, mục 3 của công văn hướng dẫn xây dựng dự toán kinh phí cho các công việc phục vụ chế độ ưu đãi người có công, bao gồm chi trả trang cấp dụng cụ, điều trị, điều dưỡng, kinh phí mộ - nghĩa trang liệt sĩ, hỗ trợ hoạt động của cơ sở nuôi dưỡng, điều dưỡng, và kinh phí chi công tác quản lý."
    },
    {
      "chunk_id": "2638_2019_CV_LĐTBXH_KHTC_partIII",
      "chunk_type": "article",
      "file_path": "/data/2638_2019_CV_LĐTBXH_KHTC/2638_2019_CV_LĐTBXH_KHTC_partIII.md",
      "content_summary": "Phần III của công văn hướng dẫn xây dựng kế hoạch tài chính - ngân sách nhà nước 03 năm giai đoạn 2020-2022 theo Luật NSNN 2015 và các văn bản hướng dẫn. Phần này cũng bao gồm các yêu cầu về báo cáo và thời hạn gửi dự toán cho Bộ."
    },
    {
      "chunk_id": "2638_2019_CV_LĐTBXH_KHTC_appendix_explanation",
      "chunk_type": "appendix",
      "file_path": "/data/2638_2019_CV_LĐTBXH_KHTC/2638_2019_CV_LĐTBXH_KHTC_appendix_explanation.md",
      "content_summary": "Phần thuyết minh chi tiết hướng dẫn xây dựng dự toán ngân sách năm 2020, bao gồm việc báo cáo tình hình thực hiện dự toán năm 2019 và các căn cứ, phương pháp xây dựng dự toán cho các loại kinh phí chi trả trợ cấp, chi công việc phục vụ chế độ ưu đãi người có công."
    }
  ],
  "related_documents": [
    {
      "doc_id": "16_2019_CT_TTg",
      "relationship": "references",
      "description": "Chỉ thị số 16/CT-TTg ngày 25/6/2019 của Thủ tướng Chính phủ về xây dựng Kế hoạch phát triển kinh tế - xã hội và dự toán ngân sách nhà nước năm 2020."
    },
    {
      "doc_id": "38_2019_TT_BTC",
      "relationship": "references",
      "description": "Thông tư số 38/2019/TT-BTC ngày 28/6/2019 của Bộ trưởng Bộ Tài chính hướng dẫn xây dựng dự toán ngân sách nhà nước năm 2020, kế hoạch tài chính - ngân sách nhà nước 03 năm 2020-2022; kế hoạch tài chính 05 năm tỉnh, thành phố trực thuộc trung ương giai đoạn 2021-2025."
    },
    {
      "doc_id": "31_2013_NĐ_CP",
      "relationship": "implements",
      "description": "Nghị định số 31/2013/NĐ-CP ngày 09/4/2013 của Chính phủ quy định chi tiết, hướng dẫn thi hành một số điều của Pháp lệnh ưu đãi người có công với cách mạng."
    },
    {
      "doc_id": "56_2013_NĐ_CP",
      "relationship": "references",
      "description": "Nghị định số 56/2013/NĐ-CP ngày 22/5/2013 của Chính phủ quy định chi tiết, hướng dẫn thi hành một số điều của Pháp lệnh quy định danh hiệu vinh dự Nhà nước “Bà mẹ Việt Nam anh hùng”."
    },
    {
      "doc_id": "142_2008_QĐ_TTg",
      "relationship": "references",
      "description": "Quyết định số 142/2008/QĐ-TTg ngày 27/10/2008 của Thủ tướng Chính phủ."
    },
    {
      "doc_id": "53_2010_QĐ_TTg",
      "relationship": "references",
      "description": "Quyết định số 53/2010/QĐ-TTg ngày 20/8/2010 của Thủ tướng Chính phủ."
    },
    {
      "doc_id": "62_2011_QĐ_TTg",
      "relationship": "references",
      "description": "Quyết định số 62/2011/QĐ-TTg ngày 09/11/2011 của Thủ tướng Chính phủ."
    },
    {
      "doc_id": "58_2019_NĐ_CP",
      "relationship": "references",
      "description": "Nghị định số 58/2019/NĐ-CP ngày 01/7/2019 của Chính phủ quy định mức trợ cấp, phụ cấp ưu đãi đối với người có công với cách mạng."
    },
    {
      "doc_id": "290_2005_QĐ_TTg",
      "relationship": "references",
      "description": "Quyết định số 290/QĐ-TTg của Thủ tướng Chính phủ (thường là Quyết định số 290/2005/QĐ-TTg ngày 08/11/2005)."
    },
    {
      "doc_id": "59_2007_QĐ_TTg",
      "relationship": "references",
      "description": "Quyết định số 59/QĐ-TTg của Thủ tướng Chính phủ (thường là Quyết định số 59/2007/QĐ-TTg ngày 07/5/2007)."
    },
    {
      "doc_id": "40_2011_QĐ_TTg",
      "relationship": "references",
      "description": "Quyết định số 40/2011/QĐ-TTg ngày 27/7/2011 của Thủ tướng Chính phủ."
    },
    {
      "doc_id": "23_2012_NĐ_CP",
      "relationship": "references",
      "description": "Nghị định số 23/2012/NĐ-CP ngày 03/4/2012 của Chính phủ."
    },
    {
      "doc_id": "101_2018_TT_BTC",
      "relationship": "references",
      "description": "Thông tư số 101/2018/TT-BTC ngày 14/11/2018 của Bộ trưởng Bộ Tài chính quy định quản lý và sử dụng kinh phí thực hiện chính sách ưu đãi người có công với cách mạng và người trực tiếp tham gia kháng chiến do ngành Lao động - Thương binh và Xã hội quản lý."
    },
    {
      "doc_id": "92_2017_TT_BTC",
      "relationship": "references",
      "description": "Thông tư số 92/2017/TT-BTC ngày 18/9/2017 của Bộ Tài chính quy định về lập dự toán, phân bổ và quyết toán kinh phí để thực hiện sửa chữa, bảo trì, cải tạo, nâng cấp, mở rộng cơ sở vật chất."
    },
    {
      "doc_id": "83_2015_QH13",
      "relationship": "references",
      "description": "Luật NSNN 2015 (thường là Luật Ngân sách Nhà nước số 83/2015/QH13)."
    },
    {
      "doc_id": "45_2017_NĐ_CP",
      "relationship": "references",
      "description": "Nghị định số 45/2017/NĐ-CP của Chính phủ quy định chi tiết lập kế hoạch tài chính 05 năm và kế hoạch tài chính - NSNN 03 năm."
    },
    {
      "doc_id": "69_2017_TT_BTC",
      "relationship": "references",
      "description": "Thông tư số 69/2017/TT-BTC ngày 07/7/2017 của Bộ Tài chính hướng dẫn lập kế hoạch tài chính 05 năm và kế hoạch tài chính - NSNN 03 năm."
    },
    {
      "doc_id": "2906_2017_CV_LĐTBXH_KHTC",
      "relationship": "references",
      "description": "Công văn số 2906/LĐTBXH-KHTC ngày 13/7/2017 của Bộ về việc xây dựng dự toán thực hiện Pháp lệnh ưu đãi NCC với cách mạng năm 2018 và kế hoạch tài chính - NSNN 03 năm 2018-2020."
    }
  ]
}