{
  "doc_id": "835_2024_VBHN_BLDTBXH",
  "doc_type": "Thông tư liên tịch",
  "doc_title": "Văn bản hợp nhất số 835/VBHN-BLĐTBXH - Thông tư liên tịch hướng dẫn chế độ trợ cấp đối với thanh niên xung phong đã hoàn thành nhiệm vụ trong kháng chiến theo Quyết định số 40/2011/QĐ-TTg",
  "issue_date": "05-03-2024",
  "effective_date": "01-06-2012",
  "expiry_date": null,
  "status": "active",
  "document_scope": "Quốc gia",
  "replaces": [
    "17_2003_TTLT_LĐTBXH_TWĐTNCSHCM",
    "26_2007_TTLT_LĐTBXH_TWĐTNCSHCM"
  ],
  "replaced_by": null,
  "amends": null,
  "amended_by": "08_2023_TT_BLDTBXH",
  "retroactive": false,
  "retroactive_date": null,
  "chunks": [
    {
      "chunk_id": "835_2024_VBHN_BLDTBXH_preamble",
      "chunk_type": "preamble",
      "file_path": "/data/835_2024_VBHN_BLDTBXH/835_2024_VBHN_BLDTBXH_preamble.md",
      "content_summary": "Phần mở đầu của Văn bản hợp nhất số 835/VBHN-BLĐTBXH, bao gồm tiêu đề, thông tin về văn bản gốc và các sửa đổi, cùng với các căn cứ pháp lý để ban hành Thông tư liên tịch hướng dẫn chế độ trợ cấp cho thanh niên xung phong."
    },
    {
      "chunk_id": "835_2024_VBHN_BLDTBXH_art1_2",
      "chunk_type": "article",
      "file_path": "/data/835_2024_VBHN_BLDTBXH/835_2024_VBHN_BLDTBXH_art1_2.md",
      "content_summary": "Điều 1 và Điều 2 quy định về thời gian tính hưởng chế độ trợ cấp và chế độ trợ cấp một lần cho thanh niên xung phong, bao gồm các công thức tính và ví dụ minh họa cụ thể."
    },
    {
      "chunk_id": "835_2024_VBHN_BLDTBXH_art3_4",
      "chunk_type": "article",
      "file_path": "/data/835_2024_VBHN_BLDTBXH/835_2024_VBHN_BLDTBXH_art3_4.md",
      "content_summary": "Điều 3 và Điều 4 quy định về chế độ trợ cấp hàng tháng cho thanh niên xung phong không còn khả năng lao động và sống cô đơn, không nơi nương tựa, cùng với các loại hồ sơ cần thiết để xét hưởng chế độ trợ cấp."
    },
    {
      "chunk_id": "835_2024_VBHN_BLDTBXH_art5_6",
      "chunk_type": "article",
      "file_path": "/data/835_2024_VBHN_BLDTBXH/835_2024_VBHN_BLDTBXH_art5_6.md",
      "content_summary": "Điều 5 và Điều 6 quy định chi tiết về trình tự, thời hạn giải quyết chế độ trợ cấp cho thanh niên xung phong ở các cấp (xã, huyện, tỉnh) và các nội dung, mức chi cho công tác quản lý chế độ trợ cấp."
    },
    {
      "chunk_id": "835_2024_VBHN_BLDTBXH_art7_8",
      "chunk_type": "article",
      "file_path": "/data/835_2024_VBHN_BLDTBXH/835_2024_VBHN_BLDTBXH_art7_8.md",
      "content_summary": "Điều 7 và Điều 8 quy định về trách nhiệm tổ chức thực hiện của các bộ, ngành và UBND cấp tỉnh, đồng thời nêu rõ hiệu lực thi hành và các văn bản bị bãi bỏ bởi Thông tư liên tịch này."
    },
    {
      "chunk_id": "835_2024_VBHN_BLDTBXH_appendix_bãi_bỏ_mẫu_1_to_4",
      "chunk_type": "appendix",
      "file_path": "/data/835_2024_VBHN_BLDTBXH/835_2024_VBHN_BLDTBXH_appendix_bãi_bỏ_mẫu_1_to_4.md",
      "content_summary": "Phần phụ lục ghi chú các mẫu số 1A, 1B, 1C, 02, 3A, 3B, 3C, 4A, 4B, 4C, và 05 đã bị bãi bỏ theo Thông tư số 08/2023/TT-BLĐTBXH."
    },
    {
      "chunk_id": "835_2024_VBHN_BLDTBXH_form_5",
      "chunk_type": "form",
      "file_path": "/data/835_2024_VBHN_BLDTBXH/835_2024_VBHN_BLDTBXH_form_5.md",
      "content_summary": "Mẫu số 5: Bản khai cá nhân đề nghị hưởng chế độ trợ cấp một lần đối với thanh niên xung phong, ban hành kèm theo Thông tư số 08/2023/TT-BLĐTBXH."
    },
    {
      "chunk_id": "835_2024_VBHN_BLDTBXH_form_6",
      "chunk_type": "form",
      "file_path": "/data/835_2024_VBHN_BLDTBXH/835_2024_VBHN_BLDTBXH_form_6.md",
      "content_summary": "Mẫu số 6: Bản khai cá nhân đề nghị hưởng chế độ trợ cấp một lần đối với thân nhân thanh niên xung phong đã từ trần, ban hành kèm theo Thông tư số 08/2023/TT-BLĐTBXH."
    },
    {
      "chunk_id": "835_2024_VBHN_BLDTBXH_form_7",
      "chunk_type": "form",
      "file_path": "/data/835_2024_VBHN_BLDTBXH/835_2024_VBHN_BLDTBXH_form_7.md",
      "content_summary": "Mẫu số 7: Bản khai cá nhân đề nghị hưởng chế độ trợ cấp hàng tháng đối với thanh niên xung phong, ban hành kèm theo Thông tư số 08/2023/TT-BLĐTBXH."
    },
    {
      "chunk_id": "835_2024_VBHN_BLDTBXH_form_8",
      "chunk_type": "form",
      "file_path": "/data/835_2024_VBHN_BLDTBXH/835_2024_VBHN_BLDTBXH_form_8.md",
      "content_summary": "Mẫu số 8: Biên bản xác nhận và đề nghị giải quyết chế độ đối với thanh niên xung phong, dùng để xác nhận hồ sơ và đề xuất giải quyết chế độ trợ cấp."
    },
    {
      "chunk_id": "835_2024_VBHN_BLDTBXH_form_9",
      "chunk_type": "form",
      "file_path": "/data/835_2024_VBHN_BLDTBXH/835_2024_VBHN_BLDTBXH_form_9.md",
      "content_summary": "Mẫu số 9: Quyết định của UBND cấp tỉnh về việc giải quyết chế độ trợ cấp một lần đối với thanh niên xung phong, ban hành kèm theo Thông tư số 08/2023/TT-BLĐTBXH."
    },
    {
      "chunk_id": "835_2024_VBHN_BLDTBXH_form_10",
      "chunk_type": "form",
      "file_path": "/data/835_2024_VBHN_BLDTBXH/835_2024_VBHN_BLDTBXH_form_10.md",
      "content_summary": "Mẫu số 10: Quyết định của UBND cấp tỉnh về việc giải quyết chế độ trợ cấp một lần đối với thanh niên xung phong đã từ trần, ban hành kèm theo Thông tư số 08/2023/TT-BLĐTBXH."
    },
    {
      "chunk_id": "835_2024_VBHN_BLDTBXH_form_11",
      "chunk_type": "form",
      "file_path": "/data/835_2024_VBHN_BLDTBXH/835_2024_VBHN_BLDTBXH_form_11.md",
      "content_summary": "Mẫu số 11: Quyết định của UBND cấp tỉnh về việc giải quyết chế độ trợ cấp hàng tháng đối với thanh niên xung phong, ban hành kèm theo Thông tư số 08/2023/TT-BLĐTBXH."
    },
    {
      "chunk_id": "835_2024_VBHN_BLDTBXH_form_12",
      "chunk_type": "form",
      "file_path": "/data/835_2024_VBHN_BLDTBXH/835_2024_VBHN_BLDTBXH_form_12.md",
      "content_summary": "Mẫu số 12: Danh sách thanh niên xung phong được hưởng chế độ trợ cấp một lần, dùng kèm theo Quyết định của UBND tỉnh, ban hành kèm theo Thông tư số 08/2023/TT-BLĐTBXH."
    },
    {
      "chunk_id": "835_2024_VBHN_BLDTBXH_form_13",
      "chunk_type": "form",
      "file_path": "/data/835_2024_VBHN_BLDTBXH/835_2024_VBHN_BLDTBXH_form_13.md",
      "content_summary": "Mẫu số 13: Danh sách thân nhân của thanh niên xung phong đã từ trần được hưởng chế độ trợ cấp một lần, dùng kèm theo Quyết định của UBND tỉnh, ban hành kèm theo Thông tư số 08/2023/TT-BLĐTBXH."
    },
    {
      "chunk_id": "835_2024_VBHN_BLDTBXH_form_14",
      "chunk_type": "form",
      "file_path": "/data/835_2024_VBHN_BLDTBXH/835_2024_VBHN_BLDTBXH_form_14.md",
      "content_summary": "Mẫu số 14: Danh sách thanh niên xung phong được hưởng chế độ trợ cấp hàng tháng, dùng kèm theo Quyết định của UBND tỉnh, ban hành kèm theo Thông tư số 08/2023/TT-BLĐTBXH."
    },
    {
      "chunk_id": "835_2024_VBHN_BLDTBXH_form_15",
      "chunk_type": "form",
      "file_path": "/data/835_2024_VBHN_BLDTBXH/835_2024_VBHN_BLDTBXH_form_15.md",
      "content_summary": "Mẫu số 15: Tổng hợp danh sách thanh niên xung phong đã được giải quyết chế độ trợ cấp một lần, dùng kèm theo công văn của Sở LĐTBXH, ban hành kèm theo Thông tư số 08/2023/TT-BLĐTBXH."
    }
  ],
  "related_documents": [
    {
      "doc_id": "08_2012_TTLT_BLDTBXH_BNV_BTC",
      "relationship": "references",
      "description": "Thông tư liên tịch gốc được hợp nhất thành văn bản này và đã được sửa đổi, bổ sung bởi Thông tư số 08/2023/TT-BLĐTBXH."
    },
    {
      "doc_id": "08_2023_TT_BLDTBXH",
      "relationship": "amends",
      "description": "Thông tư này sửa đổi, bổ sung một số điều của Thông tư liên tịch số 08/2012/TTLT-BLĐTBXH-BNV-BTC, và các nội dung sửa đổi đã được tích hợp vào văn bản hợp nhất này."
    },
    {
      "doc_id": "186_2007_NĐ_CP",
      "relationship": "references",
      "description": "Căn cứ pháp lý: Nghị định quy định chức năng, nhiệm vụ, quyền hạn và cơ cấu tổ chức của Bộ Lao động - Thương binh và Xã hội."
    },
    {
      "doc_id": "48_2008_NĐ_CP",
      "relationship": "references",
      "description": "Căn cứ pháp lý: Nghị định quy định chức năng, nhiệm vụ, quyền hạn và cơ cấu tổ chức của Bộ Nội vụ."
    },
    {
      "doc_id": "118_2008_NĐ_CP",
      "relationship": "references",
      "description": "Căn cứ pháp lý: Nghị định quy định chức năng, nhiệm vụ, quyền hạn và cơ cấu tổ chức của Bộ Tài chính."
    },
    {
      "doc_id": "40_2011_QĐ_TTg",
      "relationship": "implements",
      "description": "Căn cứ pháp lý và văn bản được hướng dẫn thi hành: Quyết định của Thủ tướng Chính phủ quy định về chế độ đối với thanh niên xung phong đã hoàn thành nhiệm vụ trong kháng chiến."
    },
    {
      "doc_id": "Luật Cư trú_2020",
      "relationship": "references",
      "description": "Căn cứ pháp lý của Thông tư số 08/2023/TT-BLĐTBXH (văn bản sửa đổi)."
    },
    {
      "doc_id": "Luật Ban hành văn bản quy phạm pháp luật_2015",
      "relationship": "references",
      "description": "Căn cứ pháp lý của Thông tư số 08/2023/TT-BLĐTBXH (văn bản sửa đổi)."
    },
    {
      "doc_id": "Luật sửa đổi, bổ sung_VBQPPL_2020",
      "relationship": "references",
      "description": "Căn cứ pháp lý của Thông tư số 08/2023/TT-BLĐTBXH (văn bản sửa đổi)."
    },
    {
      "doc_id": "62_2022_NĐ_CP",
      "relationship": "references",
      "description": "Căn cứ pháp lý của Thông tư số 08/2023/TT-BLĐTBXH (văn bản sửa đổi)."
    },
    {
      "doc_id": "104_2022_NĐ_CP",
      "relationship": "references",
      "description": "Căn cứ pháp lý của Thông tư số 08/2023/TT-BLĐTBXH (văn bản sửa đổi)."
    },
    {
      "doc_id": "104_1999_QĐ_TTg",
      "relationship": "references",
      "description": "Quyết định của Thủ tướng Chính phủ về chế độ đối với TNXP đã hoàn thành nhiệm vụ trong kháng chiến, được nhắc đến trong các điều khoản về trợ cấp và hồ sơ."
    },
    {
      "doc_id": "13_2010_NĐ_CP",
      "relationship": "references",
      "description": "Nghị định sửa đổi, bổ sung một số điều của Nghị định số 67/2007/NĐ-CP về chính sách trợ giúp các đối tượng bảo trợ xã hội, dùng làm căn cứ điều chỉnh mức trợ cấp hàng tháng."
    },
    {
      "doc_id": "67_2007_NĐ_CP",
      "relationship": "references",
      "description": "Nghị định về chính sách trợ giúp các đối tượng bảo trợ xã hội, được sửa đổi, bổ sung bởi Nghị định số 13/2010/NĐ-CP."
    },
    {
      "doc_id": "29_2016_QĐ_TTg",
      "relationship": "references",
      "description": "Quyết định của Thủ tướng Chính phủ điều chỉnh chế độ trợ cấp hàng tháng đối với thanh niên xung phong đã hoàn thành nhiệm vụ trong kháng chiến, được đề cập trong chú thích về mức trợ cấp."
    },
    {
      "doc_id": "47_2009_TTLT_BTC_BLĐTBXH",
      "relationship": "references",
      "description": "Thông tư liên tịch hướng dẫn cấp phát, quản lý và sử dụng kinh phí thực hiện chính sách ưu đãi người có công với cách mạng."
    },
    {
      "doc_id": "24_2010_TTLT_BLĐTBXH_BTC",
      "relationship": "references",
      "description": "Thông tư liên tịch của Bộ Lao động - Thương binh và Xã hội và Bộ Tài chính về chi phí quản lý đối tượng bảo trợ xã hội."
    },
    {
      "doc_id": "17_2003_TTLT_LĐTBXH_TWĐTNCSHCM",
      "relationship": "replaces",
      "description": "Thông tư liên tịch bị bãi bỏ bởi Thông tư liên tịch này."
    },
    {
      "doc_id": "26_2007_TTLT_LĐTBXH_TWĐTNCSHCM",
      "relationship": "replaces",
      "description": "Thông tư liên tịch bị bãi bỏ bởi Thông tư liên tịch này."
    }
  ]
}