{
  "doc_id": "02_2020_UBTVQH14",
  "doc_type": "Pháp lệnh",
  "doc_title": "PHÁP LỆNH ƯU ĐÃI NGƯỜI CÓ CÔNG VỚI CÁCH MẠNG",
  "issue_date": "09-12-2020",
  "effective_date": "01-07-2021",
  "expiry_date": null,
  "status": "active",
  "document_scope": "national",
  "replaces": [
    "26_2005_PL_UBTVQH11",
    "04_2012_PL_UBTVQH13"
  ],
  "replaced_by": null,
  "amends": "01_2018_UBTVQH14",
  "amended_by": null,
  "retroactive": false,
  "retroactive_date": null,
  "chunks": [
    {
      "chunk_id": "02_2020_UBTVQH14_preamble",
      "chunk_type": "preamble",
      "file_path": "/data/02_2020_UBTVQH14/02_2020_UBTVQH14_preamble.md",
      "content_summary": "Phần mở đầu và những quy định chung về pháp lệnh ưu đãi người có công với cách mạng"
    },
    {
      "chunk_id": "02_2020_UBTVQH14_art4_7",
      "chunk_type": "article",
      "file_path": "/data/02_2020_UBTVQH14/02_2020_UBTVQH14_art4_7.md",
      "content_summary": "Giải thích từ ngữ, chế độ ưu đãi, nguyên tắc thực hiện chính sách và những hành vi bị nghiêm cấm"
    },
    {
      "chunk_id": "02_2020_UBTVQH14_chuong2_muc1_2",
      "chunk_type": "article",
      "file_path": "/data/02_2020_UBTVQH14/02_2020_UBTVQH14_chuong2_muc1_2.md",
      "content_summary": "Mục 1 và 2 về người hoạt động cách mạng trước và từ ngày 01/01/1945"
    },
    {
      "chunk_id": "02_2020_UBTVQH14_chuong2_muc2_3",
      "chunk_type": "article",
      "file_path": "/data/02_2020_UBTVQH14/02_2020_UBTVQH14_chuong2_muc2_3.md",
      "content_summary": "Chế độ ưu đãi cho người hoạt động cách mạng từ 01/01/1945 và quy định về liệt sỹ"
    },
    {
      "chunk_id": "02_2020_UBTVQH14_chuong2_muc3_4",
      "chunk_type": "article",
      "file_path": "/data/02_2020_UBTVQH14/02_2020_UBTVQH14_chuong2_muc3_4.md",
      "content_summary": "Chế độ đối với liệt sỹ, thân nhân liệt sỹ và Bà mẹ Việt Nam anh hùng"
    },
    {
      "chunk_id": "02_2020_UBTVQH14_chuong2_muc5_6",
      "chunk_type": "article",
      "file_path": "/data/02_2020_UBTVQH14/02_2020_UBTVQH14_chuong2_muc5_6.md",
      "content_summary": "Mục 5 và 6 về Anh hùng Lực lượng vũ trang nhân dân, Anh hùng Lao động và Thương binh"
    },
    {
      "chunk_id": "02_2020_UBTVQH14_chuong2_muc6_7",
      "chunk_type": "article",
      "file_path": "/data/02_2020_UBTVQH14/02_2020_UBTVQH14_chuong2_muc6_7.md",
      "content_summary": "Chế độ ưu đãi cho thương binh và bệnh binh"
    },
    {
      "chunk_id": "02_2020_UBTVQH14_chuong2_muc8_9_10_11",
      "chunk_type": "article",
      "file_path": "/data/02_2020_UBTVQH14/02_2020_UBTVQH14_chuong2_muc8_9_10_11.md",
      "content_summary": "Các mục về người hoạt động kháng chiến bị nhiễm chất độc hóa học, người bị địch bắt tù đày, người hoạt động kháng chiến và người có công giúp đỡ cách mạng"
    },
    {
      "chunk_id": "02_2020_UBTVQH14_chuong2_muc9_10_11",
      "chunk_type": "article",
      "file_path": "/data/02_2020_UBTVQH14/02_2020_UBTVQH14_chuong2_muc9_10_11.md",
      "content_summary": "Thân nhân người bị địch bắt tù đày, người hoạt động kháng chiến và người có công giúp đỡ cách mạng"
    },
    {
      "chunk_id": "02_2020_UBTVQH14_chuong2_muc11_chuong3",
      "chunk_type": "article",
      "file_path": "/data/02_2020_UBTVQH14/02_2020_UBTVQH14_chuong2_muc11_chuong3.md",
      "content_summary": "Chế độ ưu đãi cho người có công giúp đỡ cách mạng và quy định về công trình ghi công liệt sỹ, mộ liệt sỹ"
    },
    {
      "chunk_id": "02_2020_UBTVQH14_chuong4_5",
      "chunk_type": "article",
      "file_path": "/data/02_2020_UBTVQH14/02_2020_UBTVQH14_chuong4_5.md",
      "content_summary": "Nguồn lực thực hiện và quản lý nhà nước về ưu đãi người có công với cách mạng"
    },
    {
      "chunk_id": "02_2020_UBTVQH14_chuong5_part1",
      "chunk_type": "article",
      "file_path": "/data/02_2020_UBTVQH14/02_2020_UBTVQH14_chuong5_part1.md",
      "content_summary": "Trách nhiệm của Bộ Lao động - Thương binh và Xã hội và các bộ ngành trong quản lý nhà nước"
    },
    {
      "chunk_id": "02_2020_UBTVQH14_chuong5_part2_chuong6",
      "chunk_type": "article",
      "file_path": "/data/02_2020_UBTVQH14/02_2020_UBTVQH14_chuong5_part2_chuong6.md",
      "content_summary": "Trách nhiệm UBND các cấp, tham gia thực hiện chính sách và tạm đình chỉ, chấm dứt hưởng chế độ"
    },
    {
      "chunk_id": "02_2020_UBTVQH14_chuong6_chuong7",
      "chunk_type": "article",
      "file_path": "/data/02_2020_UBTVQH14/02_2020_UBTVQH14_chuong6_chuong7.md",
      "content_summary": "Xử lý vi phạm và điều khoản thi hành"
    }
  ],
  "related_documents": [
    {
      "doc_id": "106_2020_QH14",
      "relationship": "references",
      "description": "Nghị quyết về Chương trình xây dựng luật, pháp lệnh năm 2021, điều chỉnh Chương trình xây dựng luật, pháp lệnh năm 2020"
    },
    {
      "doc_id": "26_2005_PL_UBTVQH11",
      "relationship": "replaces",
      "description": "Pháp lệnh về ưu đãi người có công với cách mạng được thay thế"
    },
    {
      "doc_id": "04_2012_PL_UBTVQH13",
      "relationship": "replaces",
      "description": "Pháp lệnh sửa đổi, bổ sung Pháp lệnh ưu đãi người có công với cách mạng được thay thế"
    },
    {
      "doc_id": "01_2018_UBTVQH14",
      "relationship": "amends",
      "description": "Bãi bỏ Điều 4 của Pháp lệnh về sửa đổi, bổ sung một số điều của 04 pháp lệnh có liên quan đến quy hoạch"
    }
  ]
}