{
  "doc_id": "47_2009_TTLT_BTC_BLĐTBXH",
  "doc_type": "Thông tư liên tịch",
  "doc_title": "Hướng dẫn cấp phát, quản lý và sử dụng kinh phí thực hiện chính sách ưu đãi người có công với cách mạng và người trực tiếp tham gia kháng chiến do ngành Lao động - Thương binh và Xã hội quản lý",
  "issue_date": "11-03-2009",
  "effective_date": "25-04-2009",
  "expiry_date": null,
  "status": "active",
  "document_scope": "Quốc gia",
  "replaces": [
    "84_2005_TTLT_BTC_BLĐTBXH"
  ],
  "replaced_by": null,
  "amends": null,
  "amended_by": null,
  "retroactive": false,
  "retroactive_date": null,
  "chunks": [
    {
      "chunk_id": "47_2009_TTLT_BTC_BLĐTBXH_preamble",
      "chunk_type": "preamble",
      "file_path": "/data/47_2009_TTLT_BTC_BLĐTBXH/47_2009_TTLT_BTC_BLĐTBXH_preamble.md",
      "content_summary": "Phần tiêu đề, cơ quan ban hành, số hiệu văn bản, địa danh, ngày ban hành, và phần căn cứ ban hành"
    },
    {
      "chunk_id": "47_2009_TTLT_BTC_BLĐTBXH_art1_2",
      "chunk_type": "article",
      "file_path": "/data/47_2009_TTLT_BTC_BLĐTBXH/47_2009_TTLT_BTC_BLĐTBXH_art1_2.md",
      "content_summary": "Nguồn kinh phí thực hiện và quy định chung về quản lý kinh phí"
    },
    {
      "chunk_id": "47_2009_TTLT_BTC_BLĐTBXH_art3",
      "chunk_type": "article",
      "file_path": "/data/47_2009_TTLT_BTC_BLĐTBXH/47_2009_TTLT_BTC_BLĐTBXH_art3.md",
      "content_summary": "Chi trợ cấp ưu đãi hàng tháng và trợ cấp một lần cho các đối tượng"
    },
    {
      "chunk_id": "47_2009_TTLT_BTC_BLĐTBXH_art4",
      "chunk_type": "article",
      "file_path": "/data/47_2009_TTLT_BTC_BLĐTBXH/47_2009_TTLT_BTC_BLĐTBXH_art4.md",
      "content_summary": "Các khoản chi ưu đãi khác cho người có công"
    },
    {
      "chunk_id": "47_2009_TTLT_BTC_BLĐTBXH_art5_6",
      "chunk_type": "article",
      "file_path": "/data/47_2009_TTLT_BTC_BLĐTBXH/47_2009_TTLT_BTC_BLĐTBXH_art5_6.md",
      "content_summary": "Chi hỗ trợ hoạt động cơ sở nuôi dưỡng và chi cho công tác quản lý"
    },
    {
      "chunk_id": "47_2009_TTLT_BTC_BLĐTBXH_art7_8",
      "chunk_type": "article",
      "file_path": "/data/47_2009_TTLT_BTC_BLĐTBXH/47_2009_TTLT_BTC_BLĐTBXH_art7_8.md",
      "content_summary": "Lập dự toán và phân bổ dự toán kinh phí"
    },
    {
      "chunk_id": "47_2009_TTLT_BTC_BLĐTBXH_art9_11",
      "chunk_type": "article",
      "file_path": "/data/47_2009_TTLT_BTC_BLĐTBXH/47_2009_TTLT_BTC_BLĐTBXH_art9_11.md",
      "content_summary": "Rút dự toán, tạm cấp và điều chỉnh dự toán"
    },
    {
      "chunk_id": "47_2009_TTLT_BTC_BLĐTBXH_art12_13",
      "chunk_type": "article",
      "file_path": "/data/47_2009_TTLT_BTC_BLĐTBXH/47_2009_TTLT_BTC_BLĐTBXH_art12_13.md",
      "content_summary": "Bổ sung dự toán và hạch toán, quyết toán kinh phí"
    },
    {
      "chunk_id": "47_2009_TTLT_BTC_BLĐTBXH_art14",
      "chunk_type": "article",
      "file_path": "/data/47_2009_TTLT_BTC_BLĐTBXH/47_2009_TTLT_BTC_BLĐTBXH_art14.md",
      "content_summary": "Kiểm soát chi của Kho bạc Nhà nước"
    },
    {
      "chunk_id": "47_2009_TTLT_BTC_BLĐTBXH_art15_end",
      "chunk_type": "article",
      "file_path": "/data/47_2009_TTLT_BTC_BLĐTBXH/47_2009_TTLT_BTC_BLĐTBXH_art15_end.md",
      "content_summary": "Tổ chức thực hiện, hiệu lực thi hành và danh sách nơi nhận"
    }
  ],
  "related_documents": [
    {
      "doc_id": "84_2005_TTLT_BTC_BLĐTBXH",
      "relationship": "replaces",
      "description": "Thông tư liên tịch hướng dẫn cấp phát, quản lý kinh phí thực hiện chính sách đối với người có công với cách mạng"
    },
    {
      "doc_id": "54_2006_NĐ_CP",
      "relationship": "references",
      "description": "Nghị định hướng dẫn thi hành một số điều của Pháp lệnh ưu đãi người có công với cách mạng"
    },
    {
      "doc_id": "89_2008_NĐ_CP",
      "relationship": "references",
      "description": "Nghị định hướng dẫn thi hành Pháp lệnh sửa đổi, bổ sung một số điều của Pháp lệnh ưu đãi người có công với cách mạng"
    }
  ]
}